iso_code,continent,location,date,new_cases,new_deaths,new_tests,total_vaccinations,people_vaccinated,people_fully_vaccinated,new_vaccinations,population,population_density,median_age,aged_65_older
IND,Asia,India,30/01/20,1,,,,,,,1380004385,450.419,28.2,5.989
IND,Asia,India,31/01/20,0,,,,,,,1380004385,450.419,28.2,5.989
IND,Asia,India,01/02/20,0,,,,,,,1380004385,450.419,28.2,5.989
IND,Asia,India,02/02/20,1,,,,,,,1380004385,450.419,28.2,5.989
IND,Asia,India,03/02/20,1,,,,,,,1380004385,450.419,28.2,5.989
IND,Asia,India,04/02/20,0,,,,,,,1380004385,450.419,28.2,5.989
IND,Asia,India,05/02/20,0,,,,,,,1380004385,450.419,28.2,5.989
IND,Asia,India,06/02/20,0,,,,,,,1380004385,450.419,28.2,5.989
IND,Asia,India,07/02/20,0,,,,,,,1380004385,450.419,28.2,5.989
IND,Asia,India,08/02/20,0,,,,,,,1380004385,450.419,28.2,5.989
IND,Asia,India,09/02/20,0,,,,,,,1380004385,450.419,28.2,5.989
IND,Asia,India,10/02/20,0,,,,,,,1380004385,450.419,28.2,5.989
IND,Asia,India,11/02/20,0,,,,,,,1380004385,450.419,28.2,5.989
IND,Asia,India,12/02/20,0,,,,,,,1380004385,450.419,28.2,5.989
IND,Asia,India,13/02/20,0,,,,,,,1380004385,450.419,28.2,5.989
IND,Asia,India,14/02/20,0,,,,,,,1380004385,450.419,28.2,5.989
IND,Asia,India,15/02/20,0,,,,,,,1380004385,450.419,28.2,5.989
IND,Asia,India,16/02/20,0,,,,,,,1380004385,450.419,28.2,5.989
IND,Asia,India,17/02/20,0,,,,,,,1380004385,450.419,28.2,5.989
IND,Asia,India,18/02/20,0,,,,,,,1380004385,450.419,28.2,5.989
IND,Asia,India,19/02/20,0,,,,,,,1380004385,450.419,28.2,5.989
IND,Asia,India,20/02/20,0,,,,,,,1380004385,450.419,28.2,5.989
IND,Asia,India,21/02/20,0,,,,,,,1380004385,450.419,28.2,5.989
IND,Asia,India,22/02/20,0,,,,,,,1380004385,450.419,28.2,5.989
IND,Asia,India,23/02/20,0,,,,,,,1380004385,450.419,28.2,5.989
IND,Asia,India,24/02/20,0,,,,,,,1380004385,450.419,28.2,5.989
IND,Asia,India,25/02/20,0,,,,,,,1380004385,450.419,28.2,5.989
IND,Asia,India,26/02/20,0,,,,,,,1380004385,450.419,28.2,5.989
IND,Asia,India,27/02/20,0,,,,,,,1380004385,450.419,28.2,5.989
IND,Asia,India,28/02/20,0,,,,,,,1380004385,450.419,28.2,5.989
IND,Asia,India,29/02/20,0,,,,,,,1380004385,450.419,28.2,5.989
IND,Asia,India,01/03/20,0,,,,,,,1380004385,450.419,28.2,5.989
IND,Asia,India,02/03/20,2,,,,,,,1380004385,450.419,28.2,5.989
IND,Asia,India,03/03/20,0,,,,,,,1380004385,450.419,28.2,5.989
IND,Asia,India,04/03/20,23,,,,,,,1380004385,450.419,28.2,5.989
IND,Asia,India,05/03/20,2,,,,,,,1380004385,450.419,28.2,5.989
IND,Asia,India,06/03/20,1,,,,,,,1380004385,450.419,28.2,5.989
IND,Asia,India,07/03/20,3,,,,,,,1380004385,450.419,28.2,5.989
IND,Asia,India,08/03/20,5,,,,,,,1380004385,450.419,28.2,5.989
IND,Asia,India,09/03/20,4,,,,,,,1380004385,450.419,28.2,5.989
IND,Asia,India,10/03/20,13,,,,,,,1380004385,450.419,28.2,5.989
IND,Asia,India,11/03/20,6,1,,,,,,1380004385,450.419,28.2,5.989
IND,Asia,India,12/03/20,11,0,,,,,,1380004385,450.419,28.2,5.989
IND,Asia,India,13/03/20,9,1,,,,,,1380004385,450.419,28.2,5.989
IND,Asia,India,14/03/20,20,0,,,,,,1380004385,450.419,28.2,5.989
IND,Asia,India,15/03/20,11,0,,,,,,1380004385,450.419,28.2,5.989
IND,Asia,India,16/03/20,6,0,,,,,,1380004385,450.419,28.2,5.989
IND,Asia,India,17/03/20,23,1,,,,,,1380004385,450.419,28.2,5.989
IND,Asia,India,18/03/20,14,0,,,,,,1380004385,450.419,28.2,5.989
IND,Asia,India,19/03/20,38,1,191,,,,,1380004385,450.419,28.2,5.989
IND,Asia,India,20/03/20,50,1,1060,,,,,1380004385,450.419,28.2,5.989
IND,Asia,India,21/03/20,86,-1,1325,,,,,1380004385,450.419,28.2,5.989
IND,Asia,India,22/03/20,66,3,1298,,,,,1380004385,450.419,28.2,5.989
IND,Asia,India,23/03/20,103,3,3708,,,,,1380004385,450.419,28.2,5.989
IND,Asia,India,24/03/20,37,0,157,,,,,1380004385,450.419,28.2,5.989
IND,Asia,India,25/03/20,121,2,4280,,,,,1380004385,450.419,28.2,5.989
IND,Asia,India,26/03/20,70,8,,,,,,1380004385,450.419,28.2,5.989
IND,Asia,India,27/03/20,160,0,,,,,,1380004385,450.419,28.2,5.989
IND,Asia,India,28/03/20,100,4,,,,,,1380004385,450.419,28.2,5.989
IND,Asia,India,29/03/20,37,3,,,,,,1380004385,450.419,28.2,5.989
IND,Asia,India,30/03/20,227,5,,,,,,1380004385,450.419,28.2,5.989
IND,Asia,India,31/03/20,146,3,,,,,,1380004385,450.419,28.2,5.989
IND,Asia,India,01/04/20,601,23,,,,,,1380004385,450.419,28.2,5.989
IND,Asia,India,02/04/20,545,14,,,,,,1380004385,450.419,28.2,5.989
IND,Asia,India,03/04/20,24,0,21294,,,,,1380004385,450.419,28.2,5.989
IND,Asia,India,04/04/20,515,14,10705,,,,,1380004385,450.419,28.2,5.989
IND,Asia,India,05/04/20,506,13,9584,,,,,1380004385,450.419,28.2,5.989
IND,Asia,India,06/04/20,1190,37,11534,,,,,1380004385,450.419,28.2,5.989
IND,Asia,India,07/04/20,533,14,12947,,,,,1380004385,450.419,28.2,5.989
IND,Asia,India,08/04/20,605,28,13904,,,,,1380004385,450.419,28.2,5.989
IND,Asia,India,09/04/20,809,48,16991,,,,,1380004385,450.419,28.2,5.989
IND,Asia,India,10/04/20,873,20,16420,,,,,1380004385,450.419,28.2,5.989
IND,Asia,India,11/04/20,848,42,18044,,,,,1380004385,450.419,28.2,5.989
IND,Asia,India,12/04/20,759,43,16374,,,,,1380004385,450.419,28.2,5.989
IND,Asia,India,13/04/20,1248,27,21806,,,,,1380004385,450.419,28.2,5.989
IND,Asia,India,14/04/20,1034,35,27339,,,,,1380004385,450.419,28.2,5.989
IND,Asia,India,15/04/20,835,12,29706,,,,,1380004385,450.419,28.2,5.989
IND,Asia,India,16/04/20,1108,43,28357,,,,,1380004385,450.419,28.2,5.989
IND,Asia,India,17/04/20,922,38,32167,,,,,1380004385,450.419,28.2,5.989
IND,Asia,India,18/04/20,1370,35,37000,,,,,1380004385,450.419,28.2,5.989
IND,Asia,India,19/04/20,1893,38,29463,,,,,1380004385,450.419,28.2,5.989
IND,Asia,India,20/04/20,924,33,,,,,,1380004385,450.419,28.2,5.989
IND,Asia,India,21/04/20,1541,53,,,,,,1380004385,450.419,28.2,5.989
IND,Asia,India,22/04/20,1290,36,,,,,,1380004385,450.419,28.2,5.989
IND,Asia,India,23/04/20,1707,40,,,,,,1380004385,450.419,28.2,5.989
IND,Asia,India,24/04/20,1453,59,41247,,,,,1380004385,450.419,28.2,5.989
IND,Asia,India,25/04/20,1753,45,38168,,,,,1380004385,450.419,28.2,5.989
IND,Asia,India,26/04/20,1607,56,45352,,,,,1380004385,450.419,28.2,5.989
IND,Asia,India,27/04/20,1561,58,40510,,,,,1380004385,450.419,28.2,5.989
IND,Asia,India,28/04/20,1873,69,50914,,,,,1380004385,450.419,28.2,5.989
IND,Asia,India,29/04/20,1738,71,54031,,,,,1380004385,450.419,28.2,5.989
IND,Asia,India,30/04/20,1801,75,59437,,,,,1380004385,450.419,28.2,5.989
IND,Asia,India,01/05/20,2394,69,72453,,,,,1380004385,450.419,28.2,5.989
IND,Asia,India,02/05/20,2442,100,73709,,,,,1380004385,450.419,28.2,5.989
IND,Asia,India,03/05/20,2806,68,70087,,,,,1380004385,450.419,28.2,5.989
IND,Asia,India,04/05/20,3932,175,60783,,,,,1380004385,450.419,28.2,5.989
IND,Asia,India,05/05/20,2963,127,84713,,,,,1380004385,450.419,28.2,5.989
IND,Asia,India,06/05/20,3587,92,84835,,,,,1380004385,450.419,28.2,5.989
IND,Asia,India,07/05/20,3364,104,80632,,,,,1380004385,450.419,28.2,5.989
IND,Asia,India,08/05/20,3344,96,80375,,,,,1380004385,450.419,28.2,5.989
IND,Asia,India,09/05/20,3113,116,85425,,,,,1380004385,450.419,28.2,5.989
IND,Asia,India,10/05/20,4353,111,85824,,,,,1380004385,450.419,28.2,5.989
IND,Asia,India,11/05/20,3607,82,64651,,,,,1380004385,450.419,28.2,5.989
IND,Asia,India,12/05/20,3524,121,85891,,,,,1380004385,450.419,28.2,5.989
IND,Asia,India,13/05/20,3763,136,94671,,,,,1380004385,450.419,28.2,5.989
IND,Asia,India,14/05/20,3942,98,92791,,,,,1380004385,450.419,28.2,5.989
IND,Asia,India,15/05/20,3787,104,92911,,,,,1380004385,450.419,28.2,5.989
IND,Asia,India,16/05/20,4864,118,94325,,,,,1380004385,450.419,28.2,5.989
IND,Asia,India,17/05/20,5050,154,93365,,,,,1380004385,450.419,28.2,5.989
IND,Asia,India,18/05/20,4630,131,75150,,,,,1380004385,450.419,28.2,5.989
IND,Asia,India,19/05/20,6147,146,101475,,,,,1380004385,450.419,28.2,5.989
IND,Asia,India,20/05/20,5553,132,108121,,,,,1380004385,450.419,28.2,5.989
IND,Asia,India,21/05/20,6198,150,103532,,,,,1380004385,450.419,28.2,5.989
IND,Asia,India,22/05/20,6568,142,103514,,,,,1380004385,450.419,28.2,5.989
IND,Asia,India,23/05/20,6629,142,115364,,,,,1380004385,450.419,28.2,5.989
IND,Asia,India,24/05/20,7113,156,108623,,,,,1380004385,450.419,28.2,5.989
IND,Asia,India,25/05/20,6414,148,90170,,,,,1380004385,450.419,28.2,5.989
IND,Asia,India,26/05/20,5843,172,92528,,,,,1380004385,450.419,28.2,5.989
IND,Asia,India,27/05/20,7293,190,116041,,,,,1380004385,450.419,28.2,5.989
IND,Asia,India,28/05/20,7300,177,119976,,,,,1380004385,450.419,28.2,5.989
IND,Asia,India,29/05/20,8105,269,121702,,,,,1380004385,450.419,28.2,5.989
IND,Asia,India,30/05/20,8336,205,127761,,,,,1380004385,450.419,28.2,5.989
IND,Asia,India,31/05/20,8782,223,125428,,,,,1380004385,450.419,28.2,5.989
IND,Asia,India,01/06/20,7761,200,100180,,,,,1380004385,450.419,28.2,5.989
IND,Asia,India,02/06/20,8821,221,128868,,,,,1380004385,450.419,28.2,5.989
IND,Asia,India,03/06/20,9633,259,137158,,,,,1380004385,450.419,28.2,5.989
IND,Asia,India,04/06/20,9889,275,139485,,,,,1380004385,450.419,28.2,5.989
IND,Asia,India,05/06/20,9471,286,143661,,,,,1380004385,450.419,28.2,5.989
IND,Asia,India,06/06/20,10438,297,137938,,,,,1380004385,450.419,28.2,5.989
IND,Asia,India,07/06/20,10864,261,142069,,,,,1380004385,450.419,28.2,5.989
IND,Asia,India,08/06/20,8442,266,108048,,,,,1380004385,450.419,28.2,5.989
IND,Asia,India,09/06/20,10218,277,141682,,,,,1380004385,450.419,28.2,5.989
IND,Asia,India,10/06/20,10459,352,145216,,,,,1380004385,450.419,28.2,5.989
IND,Asia,India,11/06/20,10930,396,151808,,,,,1380004385,450.419,28.2,5.989
IND,Asia,India,12/06/20,11458,386,150305,,,,,1380004385,450.419,28.2,5.989
IND,Asia,India,13/06/20,11929,311,143737,,,,,1380004385,450.419,28.2,5.989
IND,Asia,India,14/06/20,11502,325,151432,,,,,1380004385,450.419,28.2,5.989
IND,Asia,India,15/06/20,10667,380,115519,,,,,1380004385,450.419,28.2,5.989
IND,Asia,India,16/06/20,10974,2003,146936,,,,,1380004385,450.419,28.2,5.989
IND,Asia,India,17/06/20,12881,334,163187,,,,,1380004385,450.419,28.2,5.989
IND,Asia,India,18/06/20,13586,336,165412,,,,,1380004385,450.419,28.2,5.989
IND,Asia,India,19/06/20,14516,375,176959,,,,,1380004385,450.419,28.2,5.989
IND,Asia,India,20/06/20,15403,306,189869,,,,,1380004385,450.419,28.2,5.989
IND,Asia,India,21/06/20,14831,445,190730,,,,,1380004385,450.419,28.2,5.989
IND,Asia,India,22/06/20,14933,312,143267,,,,,1380004385,450.419,28.2,5.989
IND,Asia,India,23/06/20,15968,465,187223,,,,,1380004385,450.419,28.2,5.989
IND,Asia,India,24/06/20,16922,418,215195,,,,,1380004385,450.419,28.2,5.989
IND,Asia,India,25/06/20,17296,407,207871,,,,,1380004385,450.419,28.2,5.989
IND,Asia,India,26/06/20,18552,384,215446,,,,,1380004385,450.419,28.2,5.989
IND,Asia,India,27/06/20,19906,410,220479,,,,,1380004385,450.419,28.2,5.989
IND,Asia,India,28/06/20,19459,380,231095,,,,,1380004385,450.419,28.2,5.989
IND,Asia,India,29/06/20,18522,418,170560,,,,,1380004385,450.419,28.2,5.989
IND,Asia,India,30/06/20,18641,507,210292,,,,,1380004385,450.419,28.2,5.989
IND,Asia,India,01/07/20,19160,434,217931,,,,,1380004385,450.419,28.2,5.989
IND,Asia,India,02/07/20,20903,379,229588,,,,,1380004385,450.419,28.2,5.989
IND,Asia,India,03/07/20,22771,442,241576,,,,,1380004385,450.419,28.2,5.989
IND,Asia,India,04/07/20,24850,613,242383,,,,,1380004385,450.419,28.2,5.989
IND,Asia,India,05/07/20,24248,425,248934,,,,,1380004385,450.419,28.2,5.989
IND,Asia,India,06/07/20,22251,466,180596,,,,,1380004385,450.419,28.2,5.989
IND,Asia,India,07/07/20,22753,483,241430,,,,,1380004385,450.419,28.2,5.989
IND,Asia,India,08/07/20,24879,487,262679,,,,,1380004385,450.419,28.2,5.989
IND,Asia,India,09/07/20,26506,475,267061,,,,,1380004385,450.419,28.2,5.989
IND,Asia,India,10/07/20,27114,519,283659,,,,,1380004385,450.419,28.2,5.989
IND,Asia,India,11/07/20,28606,550,282511,,,,,1380004385,450.419,28.2,5.989
IND,Asia,India,12/07/20,28732,501,280151,,,,,1380004385,450.419,28.2,5.989
IND,Asia,India,13/07/20,28498,553,219103,,,,,1380004385,450.419,28.2,5.989
IND,Asia,India,14/07/20,29429,582,286247,,,,,1380004385,450.419,28.2,5.989
IND,Asia,India,15/07/20,32676,605,320161,,,,,1380004385,450.419,28.2,5.989
IND,Asia,India,16/07/20,34975,688,326826,,,,,1380004385,450.419,28.2,5.989
IND,Asia,India,17/07/20,35252,671,333228,,,,,1380004385,450.419,28.2,5.989
IND,Asia,India,18/07/20,38697,543,361024,,,,,1380004385,450.419,28.2,5.989
IND,Asia,India,19/07/20,40425,681,358127,,,,,1380004385,450.419,28.2,5.989
IND,Asia,India,20/07/20,37132,585,256039,,,,,1380004385,450.419,28.2,5.989
IND,Asia,India,21/07/20,37740,650,333395,,,,,1380004385,450.419,28.2,5.989
IND,Asia,India,22/07/20,45720,1129,343243,,,,,1380004385,450.419,28.2,5.989
IND,Asia,India,23/07/20,49310,740,350823,,,,,1380004385,450.419,28.2,5.989
IND,Asia,India,24/07/20,48916,757,352801,,,,,1380004385,450.419,28.2,5.989
IND,Asia,India,25/07/20,48611,702,420898,,,,,1380004385,450.419,28.2,5.989
IND,Asia,India,26/07/20,49981,711,442263,,,,,1380004385,450.419,28.2,5.989
IND,Asia,India,27/07/20,44457,637,515472,,,,,1380004385,450.419,28.2,5.989
IND,Asia,India,28/07/20,51596,785,528082,,,,,1380004385,450.419,28.2,5.989
IND,Asia,India,29/07/20,50294,762,408855,,,,,1380004385,450.419,28.2,5.989
IND,Asia,India,30/07/20,52783,763,446642,,,,,1380004385,450.419,28.2,5.989
IND,Asia,India,31/07/20,61242,793,642588,,,,,1380004385,450.419,28.2,5.989
IND,Asia,India,01/08/20,54735,853,525689,,,,,1380004385,450.419,28.2,5.989
IND,Asia,India,02/08/20,52972,771,463172,,,,,1380004385,450.419,28.2,5.989
IND,Asia,India,03/08/20,52050,803,381027,,,,,1380004385,450.419,28.2,5.989
IND,Asia,India,04/08/20,52509,857,661892,,,,,1380004385,450.419,28.2,5.989
IND,Asia,India,05/08/20,56282,904,619652,,,,,1380004385,450.419,28.2,5.989
IND,Asia,India,06/08/20,62538,886,664949,,,,,1380004385,450.419,28.2,5.989
IND,Asia,India,07/08/20,61537,933,639042,,,,,1380004385,450.419,28.2,5.989
IND,Asia,India,08/08/20,64399,861,598778,,,,,1380004385,450.419,28.2,5.989
IND,Asia,India,09/08/20,62064,1007,719364,,,,,1380004385,450.419,28.2,5.989
IND,Asia,India,10/08/20,53601,871,477023,,,,,1380004385,450.419,28.2,5.989
IND,Asia,India,11/08/20,60963,834,698290,,,,,1380004385,450.419,28.2,5.989
IND,Asia,India,12/08/20,66999,942,733449,,,,,1380004385,450.419,28.2,5.989
IND,Asia,India,13/08/20,64553,1007,830391,,,,,1380004385,450.419,28.2,5.989
IND,Asia,India,14/08/20,64732,996,848728,,,,,1380004385,450.419,28.2,5.989
IND,Asia,India,15/08/20,64030,944,868679,,,,,1380004385,450.419,28.2,5.989
IND,Asia,India,16/08/20,57711,941,746608,,,,,1380004385,450.419,28.2,5.989
IND,Asia,India,17/08/20,55018,876,731697,,,,,1380004385,450.419,28.2,5.989
IND,Asia,India,18/08/20,64572,1091,899864,,,,,1380004385,450.419,28.2,5.989
IND,Asia,India,19/08/20,69672,978,801518,,,,,1380004385,450.419,28.2,5.989
IND,Asia,India,20/08/20,68900,983,918470,,,,,1380004385,450.419,28.2,5.989
IND,Asia,India,21/08/20,69876,945,805985,,,,,1380004385,450.419,28.2,5.989
IND,Asia,India,22/08/20,69239,912,1023836,,,,,1380004385,450.419,28.2,5.989
IND,Asia,India,23/08/20,61408,836,801147,,,,,1380004385,450.419,28.2,5.989
IND,Asia,India,24/08/20,60975,848,609917,,,,,1380004385,450.419,28.2,5.989
IND,Asia,India,25/08/20,57224,967,925383,,,,,1380004385,450.419,28.2,5.989
IND,Asia,India,26/08/20,85687,1115,823992,,,,,1380004385,450.419,28.2,5.989
IND,Asia,India,27/08/20,77266,1057,924998,,,,,1380004385,450.419,28.2,5.989
IND,Asia,India,28/08/20,76472,1021,901338,,,,,1380004385,450.419,28.2,5.989
IND,Asia,India,29/08/20,78761,948,928761,,,,,1380004385,450.419,28.2,5.989
IND,Asia,India,30/08/20,78512,971,1055027,,,,,1380004385,450.419,28.2,5.989
IND,Asia,India,31/08/20,69921,819,846278,,,,,1380004385,450.419,28.2,5.989
IND,Asia,India,01/09/20,78357,1045,1016920,,,,,1380004385,450.419,28.2,5.989
IND,Asia,India,02/09/20,83883,1043,1012367,,,,,1380004385,450.419,28.2,5.989
IND,Asia,India,03/09/20,83341,1096,1172179,,,,,1380004385,450.419,28.2,5.989
IND,Asia,India,04/09/20,86432,1089,1169765,,,,,1380004385,450.419,28.2,5.989
IND,Asia,India,05/09/20,90632,1065,1059346,,,,,1380004385,450.419,28.2,5.989
IND,Asia,India,06/09/20,90802,1016,1092654,,,,,1380004385,450.419,28.2,5.989
IND,Asia,India,07/09/20,75809,1133,720362,,,,,1380004385,450.419,28.2,5.989
IND,Asia,India,08/09/20,89706,1115,1098621,,,,,1380004385,450.419,28.2,5.989
IND,Asia,India,09/09/20,95735,1172,1154549,,,,,1380004385,450.419,28.2,5.989
IND,Asia,India,10/09/20,96551,1209,1129756,,,,,1380004385,450.419,28.2,5.989
IND,Asia,India,11/09/20,97570,1201,1163542,,,,,1380004385,450.419,28.2,5.989
IND,Asia,India,12/09/20,94372,1114,1091251,,,,,1380004385,450.419,28.2,5.989
IND,Asia,India,13/09/20,92071,1136,1071702,,,,,1380004385,450.419,28.2,5.989
IND,Asia,India,14/09/20,83809,1054,978500,,,,,1380004385,450.419,28.2,5.989
IND,Asia,India,15/09/20,90123,1290,1072845,,,,,1380004385,450.419,28.2,5.989
IND,Asia,India,16/09/20,97894,1132,1116842,,,,,1380004385,450.419,28.2,5.989
IND,Asia,India,17/09/20,96424,1174,1136613,,,,,1380004385,450.419,28.2,5.989
IND,Asia,India,18/09/20,93337,1247,1006615,,,,,1380004385,450.419,28.2,5.989
IND,Asia,India,19/09/20,92605,1133,881911,,,,,1380004385,450.419,28.2,5.989
IND,Asia,India,20/09/20,86961,1130,1206806,,,,,1380004385,450.419,28.2,5.989
IND,Asia,India,21/09/20,75083,1053,731534,,,,,1380004385,450.419,28.2,5.989
IND,Asia,India,22/09/20,83347,1085,933185,,,,,1380004385,450.419,28.2,5.989
IND,Asia,India,23/09/20,86508,1129,953683,,,,,1380004385,450.419,28.2,5.989
IND,Asia,India,24/09/20,86052,1141,1156569,,,,,1380004385,450.419,28.2,5.989
IND,Asia,India,25/09/20,85362,1089,1492409,,,,,1380004385,450.419,28.2,5.989
IND,Asia,India,26/09/20,88600,1124,1341535,,,,,1380004385,450.419,28.2,5.989
IND,Asia,India,27/09/20,82170,1039,987861,,,,,1380004385,450.419,28.2,5.989
IND,Asia,India,28/09/20,70589,776,709394,,,,,1380004385,450.419,28.2,5.989
IND,Asia,India,29/09/20,80472,1179,1142811,,,,,1380004385,450.419,28.2,5.989
IND,Asia,India,30/09/20,86821,1181,1086688,,,,,1380004385,450.419,28.2,5.989
IND,Asia,India,01/10/20,81484,1095,1423052,,,,,1380004385,450.419,28.2,5.989
IND,Asia,India,02/10/20,79476,1069,1097947,,,,,1380004385,450.419,28.2,5.989
IND,Asia,India,03/10/20,75829,940,1132675,,,,,1380004385,450.419,28.2,5.989
IND,Asia,India,04/10/20,74442,903,1142131,,,,,1380004385,450.419,28.2,5.989
IND,Asia,India,05/10/20,61267,884,989860,,,,,1380004385,450.419,28.2,5.989
IND,Asia,India,06/10/20,72049,986,1089403,,,,,1380004385,450.419,28.2,5.989
IND,Asia,India,07/10/20,78524,971,1199857,,,,,1380004385,450.419,28.2,5.989
IND,Asia,India,08/10/20,70496,964,1194321,,,,,1380004385,450.419,28.2,5.989
IND,Asia,India,09/10/20,73272,926,1168705,,,,,1380004385,450.419,28.2,5.989
IND,Asia,India,10/10/20,74383,918,1164018,,,,,1380004385,450.419,28.2,5.989
IND,Asia,India,11/10/20,66732,816,1078544,,,,,1380004385,450.419,28.2,5.989
IND,Asia,India,12/10/20,55342,706,994851,,,,,1380004385,450.419,28.2,5.989
IND,Asia,India,13/10/20,63509,730,1073014,,,,,1380004385,450.419,28.2,5.989
IND,Asia,India,14/10/20,67708,680,1145015,,,,,1380004385,450.419,28.2,5.989
IND,Asia,India,15/10/20,63371,895,1136183,,,,,1380004385,450.419,28.2,5.989
IND,Asia,India,16/10/20,62212,837,1028622,,,,,1380004385,450.419,28.2,5.989
IND,Asia,India,17/10/20,61871,1033,999090,,,,,1380004385,450.419,28.2,5.989
IND,Asia,India,18/10/20,55722,579,970173,,,,,1380004385,450.419,28.2,5.989
IND,Asia,India,19/10/20,46790,587,859786,,,,,1380004385,450.419,28.2,5.989
IND,Asia,India,20/10/20,54044,717,1032795,,,,,1380004385,450.419,28.2,5.989
IND,Asia,India,21/10/20,55839,702,1083608,,,,,1380004385,450.419,28.2,5.989
IND,Asia,India,22/10/20,54366,690,1469984,,,,,1380004385,450.419,28.2,5.989
IND,Asia,India,23/10/20,53370,650,1442722,,,,,1380004385,450.419,28.2,5.989
IND,Asia,India,24/10/20,50129,578,1269479,,,,,1380004385,450.419,28.2,5.989
IND,Asia,India,25/10/20,45148,480,1140905,,,,,1380004385,450.419,28.2,5.989
IND,Asia,India,26/10/20,36470,488,939309,,,,,1380004385,450.419,28.2,5.989
IND,Asia,India,27/10/20,43893,508,958116,,,,,1380004385,450.419,28.2,5.989
IND,Asia,India,28/10/20,49881,517,1066786,,,,,1380004385,450.419,28.2,5.989
IND,Asia,India,29/10/20,48648,563,1075760,,,,,1380004385,450.419,28.2,5.989
IND,Asia,India,30/10/20,48268,551,1164648,,,,,1380004385,450.419,28.2,5.989
IND,Asia,India,31/10/20,46963,470,1067976,,,,,1380004385,450.419,28.2,5.989
IND,Asia,India,01/11/20,45231,496,1091239,,,,,1380004385,450.419,28.2,5.989
IND,Asia,India,02/11/20,38310,490,855800,,,,,1380004385,450.419,28.2,5.989
IND,Asia,India,03/11/20,46253,514,1046247,,,,,1380004385,450.419,28.2,5.989
IND,Asia,India,04/11/20,50210,704,1209609,,,,,1380004385,450.419,28.2,5.989
IND,Asia,India,05/11/20,47638,670,1209425,,,,,1380004385,450.419,28.2,5.989
IND,Asia,India,06/11/20,50356,577,1220711,,,,,1380004385,450.419,28.2,5.989
IND,Asia,India,07/11/20,45674,559,1113209,,,,,1380004385,450.419,28.2,5.989
IND,Asia,India,08/11/20,45903,490,1194487,,,,,1380004385,450.419,28.2,5.989
IND,Asia,India,09/11/20,38073,448,835401,,,,,1380004385,450.419,28.2,5.989
IND,Asia,India,10/11/20,44281,512,1043665,,,,,1380004385,450.419,28.2,5.989
IND,Asia,India,11/11/20,47905,550,1153294,,,,,1380004385,450.419,28.2,5.989
IND,Asia,India,12/11/20,44879,547,1193358,,,,,1380004385,450.419,28.2,5.989
IND,Asia,India,13/11/20,44684,520,1139230,,,,,1380004385,450.419,28.2,5.989
IND,Asia,India,14/11/20,41100,447,929491,,,,,1380004385,450.419,28.2,5.989
IND,Asia,India,15/11/20,30548,435,805589,,,,,1380004385,450.419,28.2,5.989
IND,Asia,India,16/11/20,29163,449,861706,,,,,1380004385,450.419,28.2,5.989
IND,Asia,India,17/11/20,38617,474,844382,,,,,1380004385,450.419,28.2,5.989
IND,Asia,India,18/11/20,45576,585,937279,,,,,1380004385,450.419,28.2,5.989
IND,Asia,India,19/11/20,45882,584,1028203,,,,,1380004385,450.419,28.2,5.989
IND,Asia,India,20/11/20,46232,564,1083397,,,,,1380004385,450.419,28.2,5.989
IND,Asia,India,21/11/20,45209,501,1066022,,,,,1380004385,450.419,28.2,5.989
IND,Asia,India,22/11/20,44059,511,1075326,,,,,1380004385,450.419,28.2,5.989
IND,Asia,India,23/11/20,37975,480,849596,,,,,1380004385,450.419,28.2,5.989
IND,Asia,India,24/11/20,44376,481,1099545,,,,,1380004385,450.419,28.2,5.989
IND,Asia,India,25/11/20,44489,524,1159032,,,,,1380004385,450.419,28.2,5.989
IND,Asia,India,26/11/20,43082,492,1090238,,,,,1380004385,450.419,28.2,5.989
IND,Asia,India,27/11/20,41322,485,1131204,,,,,1380004385,450.419,28.2,5.989
IND,Asia,India,28/11/20,41810,496,1157605,,,,,1380004385,450.419,28.2,5.989
IND,Asia,India,29/11/20,38772,443,1283449,,,,,1380004385,450.419,28.2,5.989
IND,Asia,India,30/11/20,31118,482,876173,,,,,1380004385,450.419,28.2,5.989
IND,Asia,India,01/12/20,36604,501,969322,,,,,1380004385,450.419,28.2,5.989
IND,Asia,India,02/12/20,35551,526,1096651,,,,,1380004385,450.419,28.2,5.989
IND,Asia,India,03/12/20,36595,540,1111698,,,,,1380004385,450.419,28.2,5.989
IND,Asia,India,04/12/20,36652,512,1170102,,,,,1380004385,450.419,28.2,5.989
IND,Asia,India,05/12/20,36011,482,1157763,,,,,1380004385,450.419,28.2,5.989
IND,Asia,India,06/12/20,32981,391,1101063,,,,,1380004385,450.419,28.2,5.989
IND,Asia,India,07/12/20,26567,385,801081,,,,,1380004385,450.419,28.2,5.989
IND,Asia,India,08/12/20,32080,402,1026399,,,,,1380004385,450.419,28.2,5.989
IND,Asia,India,09/12/20,31521,412,1022712,,,,,1380004385,450.419,28.2,5.989
IND,Asia,India,10/12/20,29373,413,922959,,,,,1380004385,450.419,28.2,5.989
IND,Asia,India,11/12/20,30031,443,,,,,,1380004385,450.419,28.2,5.989
IND,Asia,India,12/12/20,30254,391,,,,,,1380004385,450.419,28.2,5.989
IND,Asia,India,13/12/20,27071,336,1014434,,,,,1380004385,450.419,28.2,5.989
IND,Asia,India,14/12/20,22065,354,855157,,,,,1380004385,450.419,28.2,5.989
IND,Asia,India,15/12/20,26382,387,993665,,,,,1380004385,450.419,28.2,5.989
IND,Asia,India,16/12/20,24010,355,1085625,,,,,1380004385,450.419,28.2,5.989
IND,Asia,India,17/12/20,22890,338,1158960,,,,,1380004385,450.419,28.2,5.989
IND,Asia,India,18/12/20,25152,347,1113406,,,,,1380004385,450.419,28.2,5.989
IND,Asia,India,19/12/20,26624,341,1171868,,,,,1380004385,450.419,28.2,5.989
IND,Asia,India,20/12/20,24337,333,1107681,,,,,1380004385,450.419,28.2,5.989
IND,Asia,India,21/12/20,19556,301,900134,,,,,1380004385,450.419,28.2,5.989
IND,Asia,India,22/12/20,23950,333,1072228,,,,,1380004385,450.419,28.2,5.989
IND,Asia,India,23/12/20,24712,312,1098164,,,,,1380004385,450.419,28.2,5.989
IND,Asia,India,24/12/20,23067,336,1039645,,,,,1380004385,450.419,28.2,5.989
IND,Asia,India,25/12/20,22273,251,997396,,,,,1380004385,450.419,28.2,5.989
IND,Asia,India,26/12/20,18732,279,853527,,,,,1380004385,450.419,28.2,5.989
IND,Asia,India,27/12/20,20021,279,943368,,,,,1380004385,450.419,28.2,5.989
IND,Asia,India,28/12/20,16432,252,715397,,,,,1380004385,450.419,28.2,5.989
IND,Asia,India,29/12/20,20549,286,983695,,,,,1380004385,450.419,28.2,5.989
IND,Asia,India,30/12/20,21822,299,1120281,,,,,1380004385,450.419,28.2,5.989
IND,Asia,India,31/12/20,0,0,1127244,,,,,1380004385,450.419,28.2,5.989
IND,Asia,India,01/01/21,20035,256,1062420,,,,,1380004385,450.419,28.2,5.989
IND,Asia,India,02/01/21,37256,441,829964,,,,,1380004385,450.419,28.2,5.989
IND,Asia,India,03/01/21,16504,214,958125,,,,,1380004385,450.419,28.2,5.989
IND,Asia,India,04/01/21,16375,201,735978,,,,,1380004385,450.419,28.2,5.989
IND,Asia,India,05/01/21,18088,264,896236,,,,,1380004385,450.419,28.2,5.989
IND,Asia,India,06/01/21,20346,222,931408,,,,,1380004385,450.419,28.2,5.989
IND,Asia,India,07/01/21,18139,234,937590,,,,,1380004385,450.419,28.2,5.989
IND,Asia,India,08/01/21,0,0,935369,,,,,1380004385,450.419,28.2,5.989
IND,Asia,India,09/01/21,36867,429,916951,,,,,1380004385,450.419,28.2,5.989
IND,Asia,India,10/01/21,16311,161,843307,,,,,1380004385,450.419,28.2,5.989
IND,Asia,India,11/01/21,12584,167,659209,,,,,1380004385,450.419,28.2,5.989
IND,Asia,India,12/01/21,15968,202,897056,,,,,1380004385,450.419,28.2,5.989
IND,Asia,India,13/01/21,16946,198,836227,,,,,1380004385,450.419,28.2,5.989
IND,Asia,India,14/01/21,15590,191,743191,,,,,1380004385,450.419,28.2,5.989
IND,Asia,India,15/01/21,15158,175,730096,0,0,,,1380004385,450.419,28.2,5.989
IND,Asia,India,16/01/21,15144,181,803090,191181,191181,,191181,1380004385,450.419,28.2,5.989
IND,Asia,India,17/01/21,13788,145,779377,224301,224301,,33120,1380004385,450.419,28.2,5.989
IND,Asia,India,18/01/21,10050,137,548168,454049,454049,,229748,1380004385,450.419,28.2,5.989
IND,Asia,India,19/01/21,13816,162,709791,674835,674835,,220786,1380004385,450.419,28.2,5.989
IND,Asia,India,20/01/21,15244,151,764120,806484,806484,,131649,1380004385,450.419,28.2,5.989
IND,Asia,India,21/01/21,14545,163,780835,1043534,1043534,,237050,1380004385,450.419,28.2,5.989
IND,Asia,India,22/01/21,14256,152,800242,1390592,1390592,,347058,1380004385,450.419,28.2,5.989
IND,Asia,India,23/01/21,14849,155,837095,1582201,1582201,,191609,1380004385,450.419,28.2,5.989
IND,Asia,India,24/01/21,13203,131,781752,1615504,1615504,,33303,1380004385,450.419,28.2,5.989
IND,Asia,India,25/01/21,9102,117,570246,2023809,2023809,,408305,1380004385,450.419,28.2,5.989
IND,Asia,India,26/01/21,12689,137,725577,2029480,2029480,,5671,1380004385,450.419,28.2,5.989
IND,Asia,India,27/01/21,11666,123,550426,2355979,2355979,,326499,1380004385,450.419,28.2,5.989
IND,Asia,India,28/01/21,18855,163,725653,2928053,2928053,,572074,1380004385,450.419,28.2,5.989
IND,Asia,India,29/01/21,13082,137,742306,3500027,3500027,,571974,1380004385,450.419,28.2,5.989
IND,Asia,India,30/01/21,13044,127,756329,3744334,3744334,,244307,1380004385,450.419,28.2,5.989
IND,Asia,India,31/01/21,11436,118,750964,3758843,3758843,,14509,1380004385,450.419,28.2,5.989
IND,Asia,India,01/02/21,8635,94,504263,3950156,3950156,,191313,1380004385,450.419,28.2,5.989
IND,Asia,India,02/02/21,11039,110,659422,4138918,4138918,,188762,1380004385,450.419,28.2,5.989
IND,Asia,India,03/02/21,12899,107,721121,4449552,4449552,,310634,1380004385,450.419,28.2,5.989
IND,Asia,India,04/02/21,12408,120,742841,4959445,4959445,,509893,1380004385,450.419,28.2,5.989
IND,Asia,India,05/02/21,11713,95,715776,5416849,5416849,,457404,1380004385,450.419,28.2,5.989
IND,Asia,India,06/02/21,12059,78,740794,5775322,5775322,,358473,1380004385,450.419,28.2,5.989
IND,Asia,India,07/02/21,11831,84,695789,5812362,5812362,,37040,1380004385,450.419,28.2,5.989
IND,Asia,India,08/02/21,9110,78,532236,6259008,6259008,,446646,1380004385,450.419,28.2,5.989
IND,Asia,India,09/02/21,11067,94,687138,6611561,6611561,,352553,1380004385,450.419,28.2,5.989
IND,Asia,India,10/02/21,12923,108,736903,7017114,7017114,,405553,1380004385,450.419,28.2,5.989
IND,Asia,India,11/02/21,9309,87,699185,7505010,7505010,,487896,1380004385,450.419,28.2,5.989
IND,Asia,India,12/02/21,12143,103,765944,7967647,7967647,,462637,1380004385,450.419,28.2,5.989
IND,Asia,India,13/02/21,12194,92,743614,8052454,8044786,7668,84807,1380004385,450.419,28.2,5.989
IND,Asia,India,14/02/21,11649,90,697114,,,,,1380004385,450.419,28.2,5.989
IND,Asia,India,15/02/21,9121,81,486122,8516771,8418653,98118,,1380004385,450.419,28.2,5.989
IND,Asia,India,16/02/21,11610,100,615664,8857341,8641002,216339,340570,1380004385,450.419,28.2,5.989
IND,Asia,India,17/02/21,12881,101,644931,9186757,8844641,342116,329416,1380004385,450.419,28.2,5.989
IND,Asia,India,18/02/21,13193,97,726562,9846523,9381591,464932,659766,1380004385,450.419,28.2,5.989
IND,Asia,India,19/02/21,13993,101,771071,10449942,9693000,756942,603419,1380004385,450.419,28.2,5.989
IND,Asia,India,20/02/21,14264,90,786618,10838323,9964383,873940,388381,1380004385,450.419,28.2,5.989
IND,Asia,India,21/02/21,14199,83,670050,11085173,10124531,960642,246850,1380004385,450.419,28.2,5.989
IND,Asia,India,22/02/21,10584,78,620216,11424094,10308552,1115542,338921,1380004385,450.419,28.2,5.989
IND,Asia,India,23/02/21,13742,104,678685,11907392,10585757,1321635,483298,1380004385,450.419,28.2,5.989
IND,Asia,India,24/02/21,16738,138,805844,12366633,10884879,1481754,459241,1380004385,450.419,28.2,5.989
IND,Asia,India,25/02/21,16577,120,793383,13067047,11206188,1860859,700414,1380004385,450.419,28.2,5.989
IND,Asia,India,26/02/21,16488,113,831807,13756940,11552857,2204083,689893,1380004385,450.419,28.2,5.989
IND,Asia,India,27/02/21,16752,113,773918,14242547,11788669,2453878,485607,1380004385,450.419,28.2,5.989
IND,Asia,India,28/02/21,15510,106,795723,14301266,11845075,2456191,58719,1380004385,450.419,28.2,5.989
IND,Asia,India,01/03/21,12286,91,627668,14854136,12256337,2597799,552870,1380004385,450.419,28.2,5.989
IND,Asia,India,02/03/21,14989,98,759283,15620749,12906771,2713978,766613,1380004385,450.419,28.2,5.989
IND,Asia,India,03/03/21,17407,89,785220,16616048,13739121,2876927,995299,1380004385,450.419,28.2,5.989
IND,Asia,India,04/03/21,16838,113,775631,18005503,14796835,3208668,1389455,1380004385,450.419,28.2,5.989
IND,Asia,India,05/03/21,18284,108,761834,19497704,15996683,3501021,1492201,1380004385,450.419,28.2,5.989
IND,Asia,India,06/03/21,18754,100,751935,20922344,17168303,3754041,1424640,1380004385,450.419,28.2,5.989
IND,Asia,India,07/03/21,18599,97,737830,20989010,17227903,3761107,66666,1380004385,450.419,28.2,5.989
IND,Asia,India,08/03/21,15388,77,,23008733,18943283,4065450,2019723,1380004385,450.419,28.2,5.989
IND,Asia,India,09/03/21,17921,133,,24367906,20004227,4363679,1359173,1380004385,450.419,28.2,5.989
IND,Asia,India,10/03/21,22854,126,763081,25685011,21034481,4650530,1317105,1380004385,450.419,28.2,5.989
IND,Asia,India,11/03/21,23285,117,778416,26164920,21435841,4729079,479909,1380004385,450.419,28.2,5.989
IND,Asia,India,12/03/21,24882,140,740345,28218457,23075504,5142953,2053537,1380004385,450.419,28.2,5.989
IND,Asia,India,13/03/21,25320,161,840635,29738409,24307635,5430774,1519952,1380004385,450.419,28.2,5.989
IND,Asia,India,14/03/21,26291,118,864368,29908038,24452385,5455653,169629,1380004385,450.419,28.2,5.989
IND,Asia,India,15/03/21,24492,131,703772,32947432,27079484,5867948,3039394,1380004385,450.419,28.2,5.989
IND,Asia,India,16/03/21,28903,188,873350,35064536,28862037,6202499,2117104,1380004385,450.419,28.2,5.989
IND,Asia,India,17/03/21,35871,172,969021,37143255,30600787,6542468,2078719,1380004385,450.419,28.2,5.989
IND,Asia,India,18/03/21,39726,154,1063379,39339817,32426230,6913587,2196562,1380004385,450.419,28.2,5.989
IND,Asia,India,19/03/21,40953,188,1057383,42063392,34842030,7221362,2723575,1380004385,450.419,28.2,5.989
IND,Asia,India,20/03/21,43846,197,1060971,44603841,37125187,7478654,2540449,1380004385,450.419,28.2,5.989
IND,Asia,India,21/03/21,46951,212,,45065998,37574302,7491696,462157,1380004385,450.419,28.2,5.989
IND,Asia,India,22/03/21,40715,199,,48494594,40631153,7863441,3428596,1380004385,450.419,28.2,5.989
IND,Asia,India,23/03/21,47262,275,967459,50841286,42731952,8109334,2346692,1380004385,450.419,28.2,5.989
IND,Asia,India,24/03/21,53476,251,1025628,53145709,44846538,8299171,2304423,1380004385,450.419,28.2,5.989
IND,Asia,India,25/03/21,59118,257,1065021,55504440,47001472,8502968,2358731,1380004385,450.419,28.2,5.989